"id","isbn","title","author"
"1","9782262006518","le coût de la terreur","sedillot  r"
"2","9782260001089","le tunnel","lacaze a"
"5","9782020572934","journal interrompu : 24 janvier-25 mai 2002","sylviane agacinski"
"6","9782702134665","un couple dans la guerre",
"7","9782701146669","l'orient : enfer et paradis du cheval","jean-louis gouraud"
"8","9782749105437","guide des faits divers de toulouse : du moyen age à nos jours",
"9","9782742717576","le parc national de la vanoise","claude-marie vadrot"
"10","9782203610040","questions sur la 2ème guerre mondiale","marc ferro"
"11","9782010108907","la vie quotidienne à matignon au temps de l'union de la gauche","thierry pfister"
"12","9782729843342","les médias dans le monde","pierre albert"
"13","9782246559818","ils portaient l'écharpe blanche - l'aventure des premiers réformés, des guerres de religion à l'Édit","françois bayrou"
"14","9782246628316","caméra subjective","anne sinclair"
"15","9782845630475","césar impérator","max gallo"
"16","9782709625609","le sac","v. mcgarry"
"17","9782708122277","manager les hommes. manuel de grh à l'usage des opérationnels","j.-l. viargues"
"18","9782711775903","ressources humaines 6e édition","peretti"
"19","9782862607535","atlas des femmes dans le monde","seager"
"20","9782047293751","epreuve de maths au crpe    (ancienne edition)","fenichel"
"21","9782259186988","abus de bien public","louis bériot"
"22","9782246633716","la ville d'hiver","dominique bona"
"23","9782841145591","la vie rêvée du loft",
"24","9782091902487","les grandes métropoles mondiales","jacques bonnet"
"25","9782130457169","histoire de l'urbanisme","jean-louis harouel"
"26","9782221109151","brèves de comptoir, l'anniversaire","jean-marie gourio"
"27","9782910932268","le guide du jeune voyageur 1998-1999","collectif"
"28","9782100000340","culture generale","fouquet"
"29","9782804128302","attentats et télévision","harle"
"30","9782037202183","petite histoire de la physique","maury"
"31","9782268016696","la mort est un nouveau soleil","elisabeth kübler-ross"
"32","9782867381638","la communication dans tous ses états (mouvement)","claude neuschwander"
"33","9782011451194","droit de la communication","laurence franceschini"
"34","9782221105894","sarkozy carnets de campagne : tome 1","jean-françois achilli"
"35","9782729857905","les médias et l'information aux États-unis depuis 1945","claude-jean bertrand"
"36","9782723434096","carnets de soute : 15 ans de grand reportage a thalassa","bernard dussol"
"37","9782909317434","malaise dans la mondialisation",
"38","9782070753567","je connais gens de toutes sortes","philippe labro"
"39","9782070535033","rodin : le baiser","hélène pinet"
"40","9782246406013","o.k. cargo",
"42","9782712205287","un an de plus ! : les joies d'un anniversaire...","rainer haak"
"43","9782844721686","entretien d'embauche",
"44","9782200017385","preparer epreuve de francais-cpre    (ancienne edition)","janine hiu"
"45","9782047293799","preparation epreuve entretien ne 00    (ancienne edition)",
"46","9782910934576","100 questions posées à l'entretien d'embauche","frédéric de monicault"
"47","9782876915794","les lettres d'accompagnement qui marchent","pierre-eric fleury"
"48","9782047293522","l'epreuve hist-geo au crpe ne 00    (ancienne edition)","michaux"
"49","9782733904350","toutes les astuces pour voyager mieux aux meilleurs prix","doncieux-p"
"50","9782296014527","att-cratie : la promotion d'un homme et de son clan","le sphinx"
"51","9782841862283","le divorce au masculin, au féminin : nouvelle loi mode d'emploi","sonia cohen-lang"
"52","9782246609919","la flamme et la cendre","dominique strauss-kahn"
"53","9782221059777","la maison russie","john le carré"
"54","9782260006169","françois truffaut : 1932-1984","gilles cahoreau"
"55","9782738102942","grands travaux de l'afrique au louvre","emile biasini"
"56","9782846820288","rade terminus","nicolas fargues"
"57","9782070736409","l'État séducteur","regis debray"
"58","9782867461460","je revendique le bon sens","andré bergeron"
"59","9782753300255","ma très chère françoise","pierre-philippe barkas"
"60","9782080670205","le mandarin et le marchand: le juste pouvoir des médias","francis balle"
"61","9782912999009","l'année du disque 1997",
"62","9782736617035","le cheval et l'homme (une vielle histoire)",
"63","9782901076131","tourista","claire bretécher"
"64","9782030799512","historie de la france","georges duby"
"65","9782130487920","précis d'économie","emmanuel combe"
"66","9782842776916","agenda chevaux","yann arthus-bertrand"
"67","9782213606736","le 18 juin 40","henri amouroux"
"68","9782259194891","tête brûlée","catherine jentile"
"69","9782246669715","récidives","bernard henri levy"
"70","9782743608293","le paradis des chevaux","jane smiley"
"71","9782253005360","la maison de papier","francoise mallet-joris"
"72","9782130442097","l'Économie des médias",
"73","9782130364207","géographie des pays du benelux","robert sevrin"
"74","9782253040859","il était une fois l'amour","danielle steel"
"75","9782266010481","histoires preferees du maitre es crimes","a. hitchcock"
"76","9782020849500","une soirée","anny duperey"
"77","9782070427321","la chasse au météore","jules verne"
"78","9782501013239","100 grandes citations littéraires expliquées","desalmand"
"79","9782842611064","les lances rouges, numéro 71","arturo uslar pietri"
"80","9782867701252","chardin","j. goncalves"
"81","9782841110117","une nouvelle france : réflexions, tome 1","jacques chirac"
"82","9782130474692","internet",
"83","9782290316214","bridget jones : l'Âge de raison",
"84","9782070361557","la chartreuse de parme","stendhal"
"85","9782253063285","la dérive des sentiments - prix médicis 1989","y. simon"
"86","9782877302937","pas de vacances pour immense savoir","mark salzman"
"87","9782070380435","l'etudiant étranger","philippe labro"
"88","9782070416288","manuella","philippe labro"
"89","9782070316595","parce que c'était lui , parce que c'était moi : littérature et amitié",
"90","9782070382583","un été dans l'ouest","labro"
"91","9782218716430","dictionnaire de la bourse et des marchés","b. belletante"
"92","9782903866679","dans cinq ans l an 2000","giscard d'estaing v"
"93","9782843500596","vanoise","collectif"
"94","9782843371431","le démon et mademoiselle prym","paulo coelho"
"95","9782080686978","le lendemain du quatrième soir","audrey benoît"
"96","9782869305663","comme des enfants","alison lurie"
"97","9782742758883","la pension marguerite","metin arditi"
"98","9782226075536","l'opinion juive et l'affaire dreyfus","philippe e. landau"
"99","9782011452887","philosophie politique, tome 2 : ethique, science et droit, nouvelle édition","michel terestchenko"
"100","9782011449825","philosophie politique","michel terestchenko"
"101","9782080666789","gainsbourg sans filtre","marie-dominique lelièvre"
"102","9782266023115","alexis zorba","nikos kazantzaki"
"103","9782080122612","l'art italien","andré chastel"
"104","9782020208864","le bouleversement du monde","marisol touraine"
"105","9782213607061","l'abolition","robert badinter"
"106","9782070325184","nouvelles conférences d'introduction à la psychanalyse","sigmund freud"
"107","9782228881265","cinq leçons sur la psychanalyse","sigmund freud"
"108","9782267005431","poèmes ésotériques","fernando pessoa"
"109","9782350870236","les faiseurs de pluie : l'histoire et l'impact futur du changement climatique","tim flannery"
"110","9782717826180","les marches derives : origine et developpement","simon yves"
"111","9782867462009","cléopâtre. au delà du mythe","michel chauveau"
"112","9782841420582","le phare du bout du monde","jules verne"
"113","9782037410083","la psychanalyse                                                                               062097","chemama"
"114","9782264000095","tarantula","dylan bob"
"115","9782070360628","illusions perdues","honoré de balzac"
"116","9782866763022","la télévision",
"117","9782253046554","splendeurs et misères des courtisanes","honoré de balzac"
"118","9782266027762","les grands philosophes, tome 2","k. jaspers"
"119","9782040162160","lagarde et michard : xixe siècle : les grands auteurs français du programme - anthologie et histoire",
"120","9782867461705","fuite et fin de joseph roth","soma morgenstern"
"121","9782040180003","xxe siècle : les grands auteurs français - anthologie et histoire littéraire","andre lagarde"
"122","9782040162092","xvie siècle : les grands auteurs français du programme - anthologie et histoire littéraire","textes et litterature"
"123","9782040162115","xviie siècle : les grands auteurs français du programme - anthologie et histoire littéraire",
"124","9782040162139","lagarde et michard : littérature du xviiie siècle - les grands auteurs français du programme - antho",
"125","9782714431530","depardieu","chutkov/paul"
"126","9782868699084","oedipe sur la route","henry bauchau"
"127","9782130438083","histoire de l'art",
"128","9782020096386","guide non conformiste pour l'usage de l'amérique","paul watzlawick"
"129","9782020101547","comment réussir a echouer : trouver l'ultrasolution","watzlawi"
"130","9782266042536","philosopher, tome 2","collectif"
"131","9782700060034","bien monter à cheval","carol green"
"132","9782040129873","l'equitation de competition","holderness"
"133","9782263009228","paris    -français-","collectif"
"134","9782205007596","rubrique à brac : cinémastock, tome 1",
"135","9782040191917","gauthier/hist.du 20e sie    (ancienne edition)",
"136","9782200213046","la france des années 30","serge berstein"
"137","9782200215774","histoire politique de france","becker"
"138","9782070530212","alexandre dumas ou les aventures d'un romancier","collectif"
"139","9782070530373","montaigne : que sais-je ?","jean-yves pouilloux"
"140","9782070327232","le tiers-instruit","michel serres"
"141","9782707141002","algérie : le livre noir","sans frontières reporters"
"142","9872130520892","quel avenir pour israël ?","shlomo ben-ami"
"143","9782701102528","le tour de la france par deux enfants","g bruno"
"144","9782259187367","la femme de l'antarctique","ferriere"
"145","9782750901165","le pèlerinage des 88 temples : en abri nomade sur les chemins sacrés du japon","ariane wilson"
"146","9782070120451","bijoux sculptures : l'art vous va si bien","diane venet"
"147","9782913955165","atalaya : une saison en amazonie","gérard janichon"
"148","9782012434271","guide bleu : alsace lorraine","collectif"
"149","9782865352128","stylos à plume",
"150","9782262005023","l histoire de france racontee aux enfants","decaux alain"
"151","9782070382521","danube","claudio magris"
"152","9782864244608","arrivederci amore","massimo carlotto"
"153","9782350740577","venise","alfred de musset"
"154","9782020395748","météorologie du rêve","tiphaine samoyault"
"155","9782226087331","parole de terre : une initiation africaine","pierre rabhi"
"156","9782707145598","tchétchénie : dix clés pour comprendre","comité tchétchénie"
"157","9782020310055","portes disparus","chiffot jean-louis"
"158","9782729844127","Étude sur aimé césaire: cahier d'un retour au pays natal , discours sur le colonialisme","annie urbanik-rizk"
"159","9782246557418","l'aile du papillon","pierre schoendoerffer"
"160","9782876790667","quelle etrange histoire","jean galmot"
"161","9782856203125","versailles","perouse de montclos"
"162","9782866530624","la grande arche de la défense",
"163","9782702129975","massacre à la chaîne","willy voet"
"164","9782742702817","suttree","cormac mccarthy"
"165","9782259181440","une passion égyptienne","claudine le tourneur d'ison"
"166","9782221002285","le coeur conscient","bruno bettelheim"
"167","9782723407892","a l'assaut du khili khili","w.-e. bowman"
"168","9782221005576","médecins sans frontière","laurent"
"169","9782265082908","emmuré vivant","natalia alexandrova"
"170","9782842614553","paroles d'algériens : ecrire pour résister dans l'algérie du xxe siècle","waciny laredj"
"171","9782221045695","le gaspillage des élites: confessions d'un nomenklaturiste français","saint-guillaume"
"172","9782268026039","reglements de comtes","castries de c"
"173","9782710305934","le livre tibétain de la vie et de la mort","sogyal rinpoché"
"174","9782221009307","etre grands-parents aujourd'hui",
"175","9782841001149","edwina mountbatten","meyer-stabley b"
"176","9782212033342","une aventure industrielle","sejournet"
"177","9782714429773","l'heritier des fartelon","bennett lydia"
"178","9782070323791","l'homme de paroles : contribution linguistique aux sciences humaines","hagege"
"179","9782020065627","trois femmes. suivi de: noces","musil robert"
"180","9782070368037","l'amérique","franz kafka"
"181","9782855653938","réussir dans les affaires et dans la vie",
"182","9782702118597","meurtres au festival de cannes","thomas lumière"
"183","9782080124517","national gallery: le guide",
"184","9782714303592","le rivage des syrtes (non masicoté)","julien gracq"
"185","9782070320974","lutetia","pierre assouline"
"186","9782753300392","la fayette","gonzague saint bris"
"187","9782866560447","journal, 1893-1899","julie manet"
"188","9782221066522","le messie","marek halter"
"189","9782876231443","le cardinal, le capucin et son ange","nicole descours"
"190","9782258035164","naissances","danielle steel"
"191","9782715814196","la reine mère : légendes et vérités","philippe delorme"
"192","9782910188511","le maître du bonheur, mon père henri vincenot","claudine vincenot"
"193","9782877063210","le cahier indien","marie-pierre de cossé-brissac"
"194","9782851089908","les biscuits","annie perrier-robert"
"195","9782070745548","le dernier des camondo","assouline p"
"196","9782226093660","la guinguette","bernard clavel"
"197","9782213595306","la langue maternelle","vassilis alexakis"
"198","9782070738274","le premier homme","albert camus"
"199","9782213599700","il fait dieu","didier decoin"
"200","9782070712557","hadriana dans tous mes rêves","rené depestre"
"201","9782857047278","la véritable elisabeth ii : reine d'angleterre","vincent meylan"
"202","9782213613550","catherine ii de russie","hélène carrère d'encausse"
"203","9782234061408","la chanson de charles quint","erik orsenna"
"204","9782710309741","le portail","françois bizot"
"205","9782221092026","maestro","eduardo manet"
"206","9782910188139","l'alchimiste","paulo coelho"
"207","9782262007164","mozart ou la musique instantanée","pierre petit"
"208","9782221104699","jean-paul ii intime : ce pape que j'ai bien connu","caroline pigozzi"
"209","9782204041775","le sacrement de l'onction des malades","jean-marie lustiger"
"210","9782020087469","l'eglise des premiers temps","jean daniélou"
"211","9782070298709","mémoires d'hadrien","marguerite yourcenar"
"212","9782070297962","le vagabond qui passe sous une ombrelle trouée","jean d'ormesson"
"213",,"robert rocca. dictionnaire de nos emm..dements : . imagé par bernard aldebert","robert rocca"
"214","9782070267873","l'homme qui meurt","james baldwin"
"215","9782877061308","sire","jean raspail"
"216","9782070720910","histoire du juif errant","jean d'ormesson"
"217","9782070321551","premières poésies : poésies nouvelles","alfred de musset"
"218","9782253056720","la mémoire des cedres","massabki-j,porel-f"
"219","9782070269174","belle du seigneur","albert cohen"
"220","9782709612630","mon dernier rêve sera pour vous : une biographie sentimentale de chateaubriand","jean d'ormesson"
"228","9782853020695","la dernière évasion","boris"
"230","9782020010993","la croisière","emmanuel roblès"
"233","9782221055878","les découvreurs","daniel boorstin"
"234","9782070417186","solea","jean-claude izzo"
"238","9782092981030","paris et ses peintres","michel rachline"
"271","9782841561377","figeac  le langage des pierres","pecheur/blaya anne-m"
"272","9782035604576","la photo numérique facile",
"273","9782913004009","regard de femmes sur les stars du foot","collectif"
"274","9782603012888","sauvage (ancien prix editeur 47 euros)","collectif"
"276","9782866560195","le kunsthistorische museum, vienne",
"281","9782859409623","laissez-moi : commentaire","marcelle sauvageot"
"282","9782738121820","claude lévi-strauss","denis bertholet"
"283","9782267019810","l'affaire de road hill house : l'assassinat du petit saville kent","kate summerscale"
"284","9782130549956","lettres à wilhelm fliess 1887-1904","sigmund freud"
"285","9782749108995","entre les lignes ou le journaliste assassiné","jérôme bellay"
"286","9782908418033","rendez-vous sur le pont","claudine dhotel-velliet"
"287","9782221502518","equitation","jean d' orgeix"
"288","9782911127342","la photographie en france, 1970-1995","christian gattinoni"
"289","9782900130179","l'avant-scène théâtre n°1110 , la paix",
"290","9782908957327","aï (l'amour)","françois laut"
"291","9782700309843","paris la ville et ses photographes","patrick deedes-vincke"
"292","9782847342345","le dessous des cartes : atlas géopolitique",
"293","9782213620114","les postiches : un gang des années 80","p. tourancheau"
"294","9782714444257","le sel de la guerre","jérôme harlay"
"295","9782070339280","le danois serbe : une enquête du commissaire per toftlund","leif davidsen"
"297","9782851810250","gaspard","peter handke"
"298","9782070313990","anthologie nomade","michel butor"
"299","9782020860932","la terre vaine : et autres poèmes, édition bilingue français-anglais","t-s eliot"
"300","9782070318360","tête d'or : deuxième version",
"301","9782246616115","la joueuse de go - prix goncourt des lycéens 2001","shan sa"
"302","9782221073292","la violence urbaine : a contre-courant des idées reçues","charles szlakmann"
"303","9782841873524","equation à une inconnue","richard north patterson"
"304","9782714441904","la femme du ve","douglas kennedy"
"305","9782700306002","l'esprit d'équipe","daniel hirsch"
"306","9782226173225","les arcanes du chaos","maxime chattam"
"307","9782259205443","le treizième conte","diane setterfield"
"308","9782259184694","un héros très discret","jean-francois deniau"
"309","9782259206495","les filles de riyad : récit","rajaa alsanea"
"310","9782203344112","corto maltese : la ballade de la mer salée","hugo pratt"
"311","9782756100081","salomé","françois weyergans"
"312","9782020050258","déclin du courage (le)","soljenitsyne alexand"
"313","9782845630574","latitude zéro","mike horn"
"314","9782723433419","entre deux mondes","catherine chabaud"
"315","9782849310168","la promesse de shanghai","stéphane fière"
"316","9782203605015","15 promenades dans prague                                                                     092697","leon de coster"
"317","9782742712717","le chien du desert rouge","bryson john"
"318","9782709629010","50° déserts brûlants","philippe frey"
"319","9782846821193","l'homme qui a vu l'ours : reportages et autres articles 1980-2005","jean rolin"
"320","9782130531364","comment les chinois voient les européens",
"321","9782864246350","le jour où albert einstein s'est échappé","joseph bialot"
"322","9782246703013","la traversée de l'été",
"323","9782714435552","détective","arthur hailey"
"324","9782742712472","les jardins du prieuré notre-dame d'orsan",
"325","9782859406943","celle qu'on aime","maria nurowska"
"326","9782842702519","philippe monnet, biographie","didier piron"
"327","9782844120335","les fainéants dans la vallée fertile","albert cossery"
"328","9782843372360","la petite aux aigles","Ève gabrielle"
"329","9782213631301","une brève histoire de l'avenir","jacques attali"
"330","9782260004189","le chagrin des belges","claus h"
"331","9782097541154","magnum photos, numéro 69",
"332","9782723443098","le trésor de surcouf","sandra dual"
"333","9782876730939","l'italie et sa télévision",
"334","9782914239851","marine",
"335","9782221105306","le rapport de la cia : comment sera le monde en 2020 ?",
"336","9782710705307","coluche, le livre du souvenir","bernard pascuito"
"337","9782707144331","japon, peuple et civilisation",
"338","9782080665034","berlin, derniere","kits hilaire"
"339","9782258057838","eraste fandorine, tome 7 : le couronnement","boris akounine"
"340","9782844120366","la violence et la dérision","albert cossery"
"341","9782717822151","la télévision américaine","françois mariet"
"342","9782742406876","paris","guide gallimard"
"343","9782213610795","l'aventure vraie de canal plus",
"344","9782110030108","la télévision, clef d'une économie invisible","anonyme"
"345","9782082102735","l'autre mondialisation","dominique wolton"
"346","9782862581125","canon : boîtiers d'hier pour photos d'aujourd'hui",
"347","9782213627878","la révolte du pronétariat : des mass média aux média des masses",
"348","9782020860871","la fin de la télévision","jean-louis missika"
"349","9782020415699","histoire de désirs",
"350","9782909356020","secrets pour gagner en bourse à la hausse et à la baisse","stan weinstein"
"351","9782246699514","une presse sans gutenberg",
"352","9782707132901","l'age de l'accès. la révolution de la nouvelle économie",
"353","9782710119586","les plus grandes réussites du web","jessica livingston"
"354","9782228895590","la vallée des assassins","freya stark"
"355","9782912679659","toute la photo numérique","chris george"
"356","9782858520510","audiard par audiard",
"357","9782246643012","l'odyssée américaine","alexandre adler"
"358","9782070509973","a la croisée des mondes, tome 1 : les royaumes du nord","philip pullman"
"359","9782246610113","et si l'aventure humaine devait échouer","théodore monod"
"360","9782743602949","retour au maine","wetering/reinharez"
"361","9782253006992","lexique de l'anglais des affaires","ivan de renty"
"362","9782756101392","le chemin des sortilèges","nathalie rheims"
"363","9782264018656","esquisses parisiennes","henry james"
"364","9782080812384","une brève histoire du temps, du big-bang aux trous noirs","stephen william hawking"
"365","9782207254288","le livre de jérémie","j-t leroy"
"366","9782700701906","la parole et l'inceste","monique schneider"
"368","9782213598192","tf1 : un pouvoir",
"369","9782847490534","la dictature de l'émotion : où va la télévision ?","xavier couture"
"370","9782852297852","la télévision au pouvoir : omniprésente, irritante, irremplaçable",
"371","9782738452689","chroniques du saturnisme infantile, 1989-1994: enquête ethnologique auprès de familles parisiennes o","nadia rezkallah"
"372","9782264033710","tout brel","jacques brel"
"373","9782258013865","liban : 8 jours pour mourir","jean lartéguy"
"375","9782355260216","penser agir","daniel bensaïd"
"376","9782266092753","l'ange des ténèbres","martinache/carr"
"377","9782743614713","des morts qui dérangent",
"378","9782207257968","freakonomics",
"380","9782747503280","mariages et domination francaise en afrique noire: 1916-1958","aggée-célestin lomo myazhiom"
"381","9782070355570","une exécution ordinaire","marc dugain"
"382","9782207245583","le retour des 101 nanars : une nouvelle anthologie du cinéma navrant (mais désopilant)","françois forestier"
"383","9782203172180","la caméra","fabrice revault d'allonnes"
"384","9782070424962","la musique","yukio mishima"
"385","9782264010513","la malédiction des mille baisers / [nouvelles]","rohmer  s"
"386","9789686397994","the human footprint challenges for wilderness and biodiversity","eric and others sanderson"
"387","9780500251201","the mediterranean in history",
"388","9782725600024","l'Écriture efficace","françois richaudeau"
"389","9782845450936","la turquie dans l'europe","alexandre del valle"
"390","9782742761579","millénium, tome 1 : les hommes qui n'aimaient pas les femmes","stieg larsson"
"391","9782226169853","la bataille des anges","olivier weber"
"392","9782849900482","une fille dans la ville : new york, paris, kaboul, etc.","flore vasseur"
"393","9782221104286","l'homme de la frontière","martine-marie muller"
"394","9783929932027","la france (format panorama)","panorama ziethen"
"395","9782910019099","cartouche: prince des voleurs","robert deleuse"
"396","9782246566311","lady love","homeric"
"397","9782742770311","millénium, tome 3 : la reine dans le palais des courants d'air","stieg larsson"
"398","9782742765010","millénium, tome 2 : la fille qui rêvait d'un bidon d'essence et d'une allumette","stieg larsson"
"399","9782804150938","l'homme et la terre : atlas","philippe de maeyer"
"400","9782842742607","philippe jaccottet : cinq recueils : l'effraie. l'ignorant. leçons. chants d'en bas. a la lumière d'","pierre brunel"
"401","9782070358694","les quais de la blanche : une enquête de l'inspecteur faraday","graham hurley"
"402","9782070357543","riches, cruels et fardés","hervé claude"
"403","9782070338399","l'ange noir","antonio tabucchi"
"404","9782070313310","la note sensible","valentine goby"
"405","9782605001347","laurent de la hyre, 1606-1656",
"406","9782880012618","la route du rhum",
"407","9782732424415","monde vu par associated  press","arnett"
"408","9782742406579","alpes - savoie - haute-savoie","guide gallimard"
"409","9782207253762","l'eté","rené frégni"
"410","9782709627269","comment vivre avec un homme...* : *...et aimer ça !","jennifer worick"
"411","9782951067349","les inventeurs du commerce moderne","thil etienne"
"412","9782246660910","partouz","yann moix"
"413","9782020046053","fragments d'un discours amoureux","roland barthes"
"414","9782259203791","fais danser la poussière","marie dô"
"415","9782916546056","aung san suu kyi : le jasmin ou la lune","thierry falise"
"416","9782213626697","la dégustation : 1973-1974","yann queffélec"
"417","9782070302819","l'Écrivain-militant","arundhati roy"
"418","9782246567615","99 francs","frédéric beigbeder"
"419","9782253090564","le réseau corneille","ken follett"
"420","9782020977739","ingrid betancourt : lettres à maman, par-delà l'enfer",
"421","9782841113477","une situation légèrement délicate","mark haddon"
"422","9782246713616","chaque femme est un roman","alexandre jardin"
"424","9782843372414","lilian thuram, 8 juillet 1998","lilian thuram"
"425","9782266119818","l'été grec","jacques lacarrière"
"426","9782253031291","aliénor d'aquitaine (nouvelle édition)","régine pernoud"
"427","9782253065265","marqués par la gloire",
"428","9782226052568","midnight","dean r. (dean rae) koontz"
"429","9782226049513","rage","richard bachman"
"430","9782246489320","sade, la terreur dans le boudoir","serge bramly"
"431","9782230007653","bernard et bianca",
"432","9782230008032","aladdin, 2 exemplaires. disney câlin : grands films",
"433","9782230005505","toy story","walt disney"
"434","9782230001699","merlin l'enchanteur",
"435","9782723461177","paddy joe et le monstre marin","marlène jobert"
"436","9782754101516","l'enfant obscur : peinture, éducation, naturalisme","emmanuel pernoud"
"437","9782211037563","l'anniversaire de monsieur guillaume","anaïs vaugelade"
"438","9782211037495","le loup est revenu","geoffroy de pennart"
"439","9782211027557","une nouvelle maison pour la famille souris","kazuo iwamura"
"440","9783314207587","je peux t'aider, saint nicolas?",
"441","9780684860466","surface tension","joanna hines"
"442","9780878466252","details of the world","cheryl brutvan"
"443","9781405053716","the google story","david a. vise"
"444","9781560989486","witness in our time: working lives of documentary photographers","ken light"
"445","9781401302375","the long tail: why the future of business is selling less of more","chris anderson"
"446","9782221101995","le kama-sutra des demoiselles : la vie extraordinaire des animaux qui nous entourent","marc giraud"
"447","9782908056372","photojournalisme","yan morvan"
"448","9782080683922","electrochoc",
"449","9782070535927","solange et l'ange",
"450","9782211066327","libérez lili","yvan pommaux"
"451","9782211055963","l'ombre de l'ours","lecaye"
"452","9782211023351","tyranno le terrible","hans wilhelm"
"453","9783921268858","austria",
"454","9788481560169","cities: from the balloon to the satellite",
"455","9780131445451","introduction to geography: people, places, and environment",
"456","9780671711849","earth: the making, shaping and workings of a planet","derek m. elsom"
"457","9780131497030","world regional geography: a development approach",
"458","9782211061865","zouzou n'est pas une taupe",
"459","9780471657644","physical geography","alan h. strahler"
"460","9789064506505","greetings from europe: about landscape and leisure",
"461","9782906995260","contes de noël à rêver debout","m. graff"
"462","9782907653060","anatomie pour le mouvement, tome 2","blandine calais-germain"
"463","9782856999981","paris à pied","ffrp-cnsgr"
"464","9782020326599","besoin de mirages","lapouge gilles"
"465","9782221104576","etat d'urgence","michael crichton"
"466","9781591841661","the dip: a little book that teaches you when to quit (and when to stick)","seth godin"
"467","9781591840619","overpromise and overdeliver: the secrets of unshakable customer loyalty","rick barrera"
"468","9781576871300","new york, september 11","magnum photos"
"469","9782915536294","jean-philippe charbonnier pour la liberté de la presse","rsf"
"470","9782081629493","michka",
"471","9780944142806","the painted towns of shekhawati: a mapin guide to india","ilay cooper"
"472","9782020053921","le je-ne-sais-quoi et le presque-rien","vladimir jankélévitch"
"473","9782070291267","l'anthropologie du geste","jousse"
"474","9782246278313","les mères patries","jean-marie paupert"
"475","9782204010405","jésus le christ","walter kasper"
"476","9782020050029","dette et desir, deux axes chretiens et la derive pathologique","vergote"
"477","9782718906041","le mariage des chrétiens","gérard mathon"
"478","9782884611640","yoga et prâna pour chats",
"479","9782718906881","mariage des chrétiens, tome 2 : du concile de trente à nos jours","gérard mathon"
"480","9772204370852","sagesse de mésopotamie","j. lévêque"
"481","9787131000208","l'italie","klotchkoff"
"482","9782846701754","le portugal","pierre léglise-costa"
"483","9782862607931","guide autrement. les pouilles, bari, lecce","michèle sajous d'oria"
"484","9782091101583","grammaire grecque",
"485","9782012426221","une semaine a la guadeloupe une semaine a",
"486","9782010074417","en val de loire, orléanais, blésois, touraine (guides bleus à...)","agnès saint-bris"
"487","9782010150104","toscane",
"488","9782830900514","grammaire grecque du nouveau testament: (avec exercices et plan de travail)","maurice carrez"
"489","9782950405104","Économie du geste: fascias et mouvement","patrick germain"
"490","9782866764876","soignez-vous par l'argile","masson r"
"491","9782226135025","oscar et la dame rose","eric-emmanuel schmitt"
"492","9782713100284","chine","eduard j solich"
"493","9782213012476","l'homme neuronal","jean-pierre changeux"
"494","9782204061841","l'arbre de vie et l'arbre du savoir","jean greisch"
"496","9782718902159","jesus christ dans la tradition de l'eglise","sesboue/bernard"
"497","9782718903323","gloire et croix de jésus-christ","henriette danet"
"498","9782259013178","atlas historique de france","collectif"
"499","9782713100086","egypte (poche-voyage marcus)",
"500","9782845821231","berlin","damien simonis"
"501","9782709617895","le banquier","la baume de r."
"502","9782862602059","autrement 89 noblesse","collectif"
"503","9782865531400","les secrets de l'exode : l'origine égyptienne des hébreux",
"504","9782259191319","les paysans de france de l'an 1000 à l'an 2000","arthur conte"
"505","9782869850279","agriculture européenne et environnement. santé de l'homme et environnement","roelants du vivier"
"506","9782110025401","soliman le magnifique et son temps","collectif"
"507","9782869850224","la nature en crise","philippe lebreton"
"508","9782226005106","l'esprit, cet inconnu","jean emile charon"
"509","9782259000963","toute personne est une histoire sacrée","jean vanier"
"510","9782260016939","l'attentat","yasmina khadra"
"511","9782020205719","dernières nouvelles du cosmos. vers la première seconde","hubert reeves"
"512","9782700600049","les alpilles : guide historique et touristique (les guides du sud)","hervé aliquot"
"514","9782246491514","sarranches","solange fasquelle"
"515","9782742742790","la journée de louis xiv, 16 novembre 1700","béatrix saule"
"516","9782714434340","revolution sans visage","de la baume/bertolus"
"517","9782260005209","la derniere a l'echafaud",
"518","9782841910410","mémoire de l'oubli","jean woirin"
"519","9782204064736","le rendez-vous d'amour","henri tisot"
"520","9782227340978","la parole et le corps","régine du charlat"
"521","9782950561305","cathéchisme pour adultes : l'alliance de dieu avec les hommes","evêques de france"
"522","9781565632066","the brown-driver-briggs hebrew and english lexicon: with an appendix containing the biblical aramaic",
"523","9782204025867","liberté chrétienne et libération","joseph ratzinger"
"524","9782227315440","au pays de la théologie",
"525","9782708232952","les sacrements parole de dieu au risque du corps","chauvet louise-marie"
"526","9782204021159","la littérature de sagesse : histoire et théologie","robert michaud"
"527","9782204026925","la littérature de sagesse","robert michaud"
"528","9782080811998","l'eglise en procès","paul valadier"
"529","9782020098175","parler d'ecritures saintes","paul beauchamp"
"530","9782204048262","le temps de la lecture",
"531","9782204049672","la splendeur de la vérité : lettre encyclique «veritatis splendor» sur l'enseignement moral de l'Égl","jean-paul ii"
"532","9782204040303","le mariage, un sacrement pour les croyants?",
"533","9782020048842","dictionnaire du nouveau testament","dufour"
"534","9782718904689","eucharistie","louis bouyer"
"535","9782204026550","l'église héritée des apôtres","raymond edward brown"
"536","9782220026381","aujourd'hui dieu","marcel neusch"
"537","9782204044974","compter sur dieu","xavier thévenot"
"538","9782718905280","pour une éthique de la pratique éducative",
"539","9782204057295","la pâque de dieu : quatre études sur s. anselme de cantorbéry","michel corbin"
"540","9782728905492","catéchisme de l'eglise catholique","Église catholique"
"541","9782204040143","les institutions de l'ancien testament","r. de (roland) vaux"
"542","9782228891387","concerto pour 4 consonnes sans voyelle","ouaknin marc-alain"
"543","9782204020398","théologie de l'espérance: études sur les fondements et les conséquences d'une eschatologie chrétienn","jürgen moltmann"
"544","9782708225640","la patrie des premiers chrétiens","francis dumortier"
"545","9782728900862","bernard abelard ou le cloître",
"546","9782204011693","textes du proche-orient ancien et histoire d'israël","jacques , seux, m briend"
"547","9782204023122","la morale de l'alliance","jean l'hour"
"548","9780191434518","oxford bible atlas",
"549","9782701126890","le mythe de la guerre-éclair : la campagne de l'ouest de 1940","karl-heinz frieser"
"550","9782204040815","deux types de foi : foi juive et foi chrétienne","martin buber"
"551","9782204029476","ben sira et le judaïsme : la littérature de sagesse","robert michaud"
"552","9782020093798","bible, mythes et recits de commencement","pierre gibert"
"553","9782204020145","le christianisme au risque de l'interprétation","claude geffré"
"554","9782020032391","petit dictionnaire de théologie catholique",
"555","9782706700781","repères éthiques pour un monde nouveau","xavier thévenot"
"556","9782841000616","guide de la retraite spirituelle","jean-michel varenne"
"557","9782227310483","traité fondamental de la foi","karl rahner"
"558","9782204052023","imaginer l'eglise catholique","ghislain lafont"
"559","9782718906430","célébrer le mariage","lepretre lionnet"
"560","9782718900865","le nouveau testament, tome 4 : tradition johannique",
